{
    "asset": {
        "copyright": "Model by Fabio Pellacini from github.com/~xelatihy/yocto-gl",
        "version": "4.2"
    },
    "cameras": [
        {
            "name": "default",
            "lens": 0.05,
            "aperture": 0.0,
            "aspect": 2.4,
            "frame": [
                0.8151804208755493,
                -0.0,
                0.579207181930542,
                0.16660168766975403,
                0.9577393531799316,
                -0.23447643220424652,
                -0.5547295212745667,
                0.28763750195503235,
                0.7807304263114929,
                -0.75,
                0.4000000059604645,
                0.8999999761581421
            ]
        }
    ],
    "environments": [
        {
            "name": "sky",
            "emission": [ 1, 1, 1 ],
            "emission_tex": 2
        }
    ],
    "textures": [
        {
            "name": "floor",
            "uri": "textures/floor.png"
        },
        {
            "name": "uvgrid",
            "uri": "textures/uvgrid.png"
        },
        {
            "name": "sky",
            "uri": "textures/sky.hdr"
        }
    ],
    "materials": [
        {
            "name": "floor",
            "color": [ 0.7, 0.7, 0.7 ],
            "color_tex": 0,
            "type": "matte"
        },
        {
            "name": "arealight1",
            "emission": [ 20, 20, 20 ],
            "type": "matte"
        },
        {
            "name": "arealight2",
            "emission": [ 20, 20, 20 ],
            "type": "matte"
        },
        {
            "name": "bunny1",
            "color": [ 1, 1, 1 ],
            "color_tex": 1,
            "roughness": 0.1,
            "type": "matte"
        },
        {
            "name": "sphere1",
            "type": "refractive",
            "color": [ 0.75, 0.25, 0.25 ],
            "roughness": 0
        },
        {
            "name": "bunny2",
            "color": [ 0.25, 0.5, 0.25 ],
            "type": "matte"
        },
        {
            "name": "sphere2",
            "type": "refractive",
            "color": [ 1, 1, 1 ],
            "roughness": 0
        },
        {
            "name": "bunny3",
            "color": [ 0.25, 0.25, 0.5 ],
            "roughness": 0.1,
            "type": "matte"
        }
    ],
    "shapes": [
        {
            "name": "floor",
            "uri": "shapes/floor.ply"
        },
        {
            "name": "arealight1",
            "uri": "shapes/arealight1.ply"
        },
        {
            "name": "arealight2",
            "uri": "shapes/arealight2.ply"
        },
        {
            "name": "bunny",
            "uri": "shapes/bunny.ply"
        },
        {
            "name": "sphere",
            "uri": "shapes/sphere.ply"
        }
    ],
    "instances": [
        {
            "name": "floor",
            "shape": 0,
            "material": 0
        },
        {
            "name": "arealight1",
            "shape": 1,
            "frame": [
                0.8944271802902222,
                -0.0,
                0.4472135901451111,
                0.27562475204467773,
                0.7874992489814758,
                -0.5512495040893555,
                -0.3521803617477417,
                0.6163156628608704,
                0.7043607234954834,
                -0.4000000059604645,
                0.800000011920929,
                0.800000011920929
            ],

            "material": 1
        },
        {
            "name": "arealight2",
            "shape": 2,
            "frame": [
                0.8944271802902222,
                0.0,
                -0.4472135901451111,
                -0.27562475204467773,
                0.7874992489814758,
                -0.5512495040893555,
                0.3521803617477417,
                0.6163156628608704,
                0.7043607234954834,
                0.4000000059604645,
                0.800000011920929,
                0.800000011920929
            ],

            "material": 2
        },
        {
            "name": "bunny1",
            "shape": 3,
            "frame": [ 1, 0, 0, 0, 1, 0, 0, 0, 1, -0.4, 0, 0 ],
            "material": 3
        },
        {
            "name": "sphere1",
            "shape": 4,
            "frame": [ 1, 0, 0, 0, 1, 0, 0, 0, 1, -0.2, 0, 0 ],
            "material": 4
        },
        {
            "name": "bunny2",
            "shape": 3,
            "frame": [ 1, 0, 0, 0, 1, 0, 0, 0, 1, 0, 0, 0 ],
            "material": 5
        },
        {
            "name": "sphere2",
            "shape": 4,
            "frame": [ 1, 0, 0, 0, 1, 0, 0, 0, 1, 0.2, 0, 0 ],
            "material": 6
        },
        {
            "name": "bunny3",
            "shape": 3,
            "frame": [ 1, 0, 0, 0, 1, 0, 0, 0, 1, 0.4, 0, 0 ],
            "material": 7
        }
    ]
}
